"","Variance","Skewness","Kurtosis","Entropy","Class"
"1",6,6,2,1,0
"2",6,6,2,1,0
"3",6,4,2,1,0
"4",6,6,2,1,0
"5",4,4,2,1,0
"6",6,7,2,1,0
"7",6,5,2,1,0
"8",5,2,2,1,0
"9",6,6,2,1,0
"10",4,6,2,1,0
"11",4,6,2,1,0
"12",6,4,2,1,0
"13",5,6,2,1,0
"14",2,7,2,1,0
"15",6,6,2,1,0
"16",6,4,2,1,0
"17",6,5,2,1,0
"18",4,5,2,1,0
"19",4,4,2,1,0
"20",6,7,2,1,0
"21",6,6,2,1,0
"22",4,4,2,1,0
"23",6,7,2,1,0
"24",4,6,2,1,0
"25",6,7,1,1,0
"26",4,3,2,1,0
"27",4,4,2,1,0
"28",3,6,2,1,0
"29",6,7,2,1,0
"30",6,4,2,1,0
"31",3,5,2,1,0
"32",4,5,2,1,0
"33",6,6,2,1,0
"34",2,6,2,1,0
"35",2,5,2,1,0
"36",6,6,2,1,0
"37",6,6,2,1,0
"38",6,5,2,1,0
"39",6,5,2,1,0
"40",6,7,2,1,0
"41",6,6,2,1,0
"42",3,6,2,1,0
"43",3,6,2,1,0
"44",4,6,2,1,0
"45",6,6,2,1,0
"46",2,6,2,1,0
"47",5,6,2,1,0
"48",2,6,2,1,0
"49",6,6,2,1,0
"50",4,5,2,1,0
"51",6,4,2,1,0
"52",6,5,2,1,0
"53",6,6,2,1,0
"54",6,6,2,1,0
"55",6,6,2,1,0
"56",6,5,2,1,0
"57",6,6,2,1,0
"58",6,5,2,1,0
"59",6,4,2,1,0
"60",2,7,2,1,0
"61",6,5,2,1,0
"62",4,6,2,1,0
"63",6,7,2,1,0
"64",5,5,2,1,0
"65",6,5,2,1,0
"66",6,5,2,1,0
"67",6,4,2,1,0
"68",6,6,2,1,0
"69",4,6,2,1,0
"70",3,6,2,1,0
"71",6,4,2,1,0
"72",6,5,2,1,0
"73",6,7,2,1,0
"74",6,4,2,1,0
"75",6,7,1,1,0
"76",5,5,2,1,0
"77",6,6,2,1,0
"78",3,6,2,1,0
"79",3,6,2,1,0
"80",4,5,2,1,0
"81",6,6,2,1,0
"82",6,5,2,1,0
"83",6,6,2,1,0
"84",5,6,2,1,0
"85",6,6,2,1,0
"86",6,5,2,1,0
"87",2,5,2,1,0
"88",4,6,2,1,0
"89",6,4,2,1,0
"90",6,5,2,1,0
"91",4,6,2,1,0
"92",6,5,2,1,0
"93",6,6,2,1,0
"94",6,2,2,1,0
"95",6,5,2,1,0
"96",2,4,2,1,0
"97",6,5,2,1,0
"98",5,2,2,1,0
"99",6,7,2,1,0
"100",2,7,2,1,0
"101",6,3,2,1,0
"102",6,4,2,1,0
"103",6,5,2,1,0
"104",6,4,2,1,0
"105",6,5,2,1,0
"106",6,5,2,1,0
"107",5,7,2,1,0
"108",2,6,2,1,0
"109",6,6,2,1,0
"110",6,7,2,1,0
"111",6,4,2,1,0
"112",4,6,2,1,0
"113",6,7,2,1,0
"114",6,6,2,1,0
"115",4,6,2,1,0
"116",6,5,2,1,0
"117",6,6,2,1,0
"118",5,6,2,1,0
"119",6,5,2,1,0
"120",4,4,2,1,0
"121",6,7,2,1,0
"122",6,7,2,1,0
"123",2,6,2,1,0
"124",2,5,2,1,0
"125",2,7,2,1,0
"126",6,6,2,1,0
"127",2,7,2,1,0
"128",6,4,2,1,0
"129",6,5,2,1,0
"130",6,5,2,1,0
"131",6,4,2,1,0
"132",6,6,2,1,0
"133",5,6,2,1,0
"134",4,6,2,1,0
"135",2,6,2,1,0
"136",6,7,2,1,0
"137",6,6,1,1,0
"138",6,6,2,1,0
"139",6,7,2,1,0
"140",3,6,2,1,0
"141",5,5,2,1,0
"142",4,5,2,1,0
"143",6,5,2,1,0
"144",6,4,2,1,0
"145",6,7,2,1,0
"146",4,4,2,1,0
"147",6,5,2,1,0
"148",4,5,2,1,0
"149",6,5,2,1,0
"150",6,6,2,1,0
"151",6,6,2,1,0
"152",2,7,2,1,0
"153",6,5,2,1,0
"154",6,7,2,1,0
"155",5,6,2,1,0
"156",6,5,2,1,0
"157",6,4,2,1,0
"158",6,4,2,1,0
"159",5,4,2,1,0
"160",4,5,2,1,0
"161",6,5,2,1,0
"162",6,6,2,1,0
"163",3,6,2,1,0
"164",6,6,2,1,0
"165",6,5,2,1,0
"166",6,4,2,1,0
"167",4,6,2,1,0
"168",4,6,2,1,0
"169",2,7,2,1,0
"170",3,6,2,1,0
"171",4,5,2,1,0
"172",6,4,2,1,0
"173",2,5,2,1,0
"174",2,7,2,1,0
"175",5,5,2,1,0
"176",6,4,2,1,0
"177",3,6,2,1,0
"178",6,6,2,1,0
"179",3,5,2,1,0
"180",6,7,2,1,0
"181",4,5,2,1,0
"182",3,5,2,1,0
"183",2,6,2,1,0
"184",6,6,2,1,0
"185",2,7,2,1,0
"186",2,7,2,1,0
"187",6,4,2,1,0
"188",5,6,2,1,0
"189",6,4,2,1,0
"190",6,3,2,1,0
"191",4,4,2,1,0
"192",6,7,2,1,0
"193",4,5,2,1,0
"194",6,5,2,1,0
"195",2,7,2,1,0
"196",2,6,2,1,0
"197",6,6,2,1,0
"198",5,6,2,1,0
"199",6,5,2,1,0
"200",6,6,2,1,0
"201",2,7,2,1,0
"202",6,4,2,1,0
"203",2,6,2,1,0
"204",6,7,2,1,0
"205",4,6,2,1,0
"206",6,5,2,1,0
"207",6,6,2,1,0
"208",6,6,2,1,0
"209",5,6,2,1,0
"210",5,5,2,1,0
"211",6,6,1,1,0
"212",6,7,2,1,0
"213",6,6,2,1,0
"214",4,5,2,1,0
"215",6,5,2,1,0
"216",6,5,2,1,0
"217",4,5,2,1,0
"218",4,5,2,1,0
"219",3,6,2,1,0
"220",2,7,2,1,0
"221",2,7,2,1,0
"222",6,6,2,1,0
"223",4,5,2,1,0
"224",6,7,1,1,0
"225",3,5,2,1,0
"226",4,5,2,1,0
"227",4,5,2,1,0
"228",2,7,2,1,0
"229",6,4,2,1,0
"230",6,5,2,1,0
"231",2,5,2,1,0
"232",2,7,2,1,0
"233",5,5,2,1,0
"234",4,5,2,1,0
"235",6,5,2,1,0
"236",5,5,2,1,0
"237",2,6,2,1,0
"238",6,5,2,1,0
"239",6,5,2,1,0
"240",6,6,2,1,0
"241",6,6,2,1,0
"242",2,5,2,1,0
"243",4,5,2,1,0
"244",6,6,2,1,0
"245",6,6,2,1,0
"246",6,4,2,1,0
"247",4,5,2,1,0
"248",5,5,2,1,0
"249",4,5,2,1,0
"250",4,6,2,1,0
"251",6,4,2,1,0
"252",4,7,2,1,0
"253",4,6,2,1,0
"254",6,5,2,1,0
"255",6,7,2,1,0
"256",6,4,2,1,0
"257",6,4,2,1,0
"258",5,6,2,1,0
"259",6,5,2,1,0
"260",6,5,2,1,0
"261",6,6,2,1,0
"262",6,5,2,1,0
"263",5,6,2,1,0
"264",6,6,2,1,0
"265",6,6,2,1,0
"266",4,5,2,1,0
"267",3,7,2,1,0
"268",6,7,2,1,0
"269",4,4,2,1,0
"270",6,5,2,1,0
"271",6,7,2,1,0
"272",6,7,2,1,0
"273",6,5,2,1,0
"274",6,6,2,1,0
"275",6,5,2,1,0
"276",6,6,2,1,0
"277",6,5,2,1,0
"278",4,4,2,1,0
"279",4,6,2,1,0
"280",5,6,2,1,0
"281",3,5,2,1,0
"282",6,4,2,1,0
"283",6,4,2,1,0
"284",4,5,2,1,0
"285",2,7,2,1,0
"286",4,2,2,1,0
"287",4,4,2,1,0
"288",4,7,2,1,0
"289",4,5,2,1,0
"290",6,6,2,1,0
"291",6,5,2,1,0
"292",2,7,2,1,0
"293",6,6,2,1,0
"294",5,5,2,1,0
"295",6,5,2,1,0
"296",5,6,2,1,0
"297",3,6,2,1,0
"298",4,6,2,1,0
"299",4,5,2,1,0
"300",5,6,2,1,0
"301",4,4,2,1,0
"302",6,6,2,1,0
"303",4,6,2,1,0
"304",2,7,2,1,0
"305",5,7,2,1,0
"306",4,7,2,1,0
"307",3,6,2,1,0
"308",4,4,2,1,0
"309",6,7,2,1,0
"310",6,6,2,1,0
"311",6,4,2,1,0
"312",6,4,2,1,0
"313",4,5,2,1,0
"314",5,5,2,1,0
"315",4,6,2,1,0
"316",4,4,2,1,0
"317",6,6,2,1,0
"318",6,6,2,1,0
"319",4,4,2,1,0
"320",6,5,2,1,0
"321",4,4,2,1,0
"322",6,6,2,1,0
"323",2,5,2,1,0
"324",6,7,2,1,0
"325",6,5,2,1,0
"326",6,5,2,1,0
"327",3,2,2,1,0
"328",6,6,1,1,0
"329",6,6,2,1,0
"330",4,5,2,1,0
"331",4,5,2,1,0
"332",5,5,2,1,0
"333",6,5,2,1,0
"334",6,6,2,1,0
"335",6,5,2,1,0
"336",6,4,2,1,0
"337",6,5,2,1,0
"338",4,5,2,1,0
"339",4,6,2,1,0
"340",5,6,2,1,0
"341",6,6,2,1,0
"342",2,7,2,1,0
"343",6,5,2,1,0
"344",4,7,2,1,0
"345",6,6,2,1,0
"346",2,6,2,1,0
"347",6,5,2,1,0
"348",6,5,2,1,0
"349",6,5,2,1,0
"350",1,6,2,1,0
"351",2,7,2,1,0
"352",4,4,2,1,0
"353",4,4,2,1,0
"354",4,6,2,1,0
"355",6,6,2,1,0
"356",3,6,2,1,0
"357",6,6,2,1,0
"358",6,6,2,1,0
"359",6,7,2,1,0
"360",2,7,2,1,0
"361",6,4,2,1,0
"362",6,5,2,1,0
"363",4,5,2,1,0
"364",6,5,2,1,0
"365",6,6,2,1,0
"366",6,5,2,1,0
"367",6,6,2,1,0
"368",6,6,2,1,0
"369",6,5,2,1,0
"370",5,5,2,1,0
"371",5,7,2,1,0
"372",6,4,2,1,0
"373",4,7,2,1,0
"374",5,6,2,1,0
"375",2,5,2,1,0
"376",4,7,2,1,0
"377",6,6,2,1,0
"378",2,7,2,1,0
"379",6,6,2,1,0
"380",6,5,2,1,0
"381",4,5,2,1,0
"382",6,7,2,1,0
"383",4,5,2,1,0
"384",6,7,2,1,0
"385",4,7,2,1,0
"386",5,6,2,1,0
"387",2,7,2,1,0
"388",6,4,2,1,0
"389",2,7,2,1,0
"390",6,7,2,1,0
"391",3,6,2,1,0
"392",5,6,2,1,0
"393",4,6,2,1,0
"394",6,7,2,1,0
"395",2,7,2,1,0
"396",4,5,2,1,0
"397",6,5,2,1,0
"398",3,6,2,1,0
"399",6,5,2,1,0
"400",6,6,2,1,0
"401",4,5,2,1,0
"402",5,2,2,1,0
"403",5,6,2,1,0
"404",6,4,2,1,0
"405",4,5,2,1,0
"406",4,6,2,1,0
"407",3,6,2,1,0
"408",3,6,2,1,0
"409",6,5,2,1,0
"410",4,6,2,1,0
"411",5,5,2,1,0
"412",6,5,2,1,0
"413",6,7,2,1,0
"414",6,5,2,1,0
"415",5,6,2,1,0
"416",6,4,2,1,0
"417",6,7,2,1,0
"418",4,5,2,1,0
"419",2,5,2,1,0
"420",5,3,2,1,0
"421",2,7,2,1,0
"422",2,5,2,1,0
"423",6,7,2,1,0
"424",3,6,2,1,0
"425",5,6,2,1,0
"426",4,4,2,1,0
"427",2,7,2,1,0
"428",2,7,2,1,0
"429",6,5,2,1,0
"430",6,4,2,1,0
"431",4,6,2,1,0
"432",4,5,2,1,0
"433",6,6,2,1,0
"434",5,7,2,1,0
"435",6,7,2,1,0
"436",4,6,2,1,0
"437",4,5,2,1,0
"438",4,6,2,1,0
"439",6,6,2,1,0
"440",6,5,2,1,0
"441",6,5,2,1,0
"442",4,7,2,1,0
"443",6,7,2,1,0
"444",6,5,2,1,0
"445",4,6,2,1,0
"446",6,4,2,1,0
"447",6,5,2,1,0
"448",6,5,2,1,0
"449",6,7,2,1,0
"450",6,4,2,1,0
"451",6,4,2,1,0
"452",6,6,2,1,0
"453",4,6,2,1,0
"454",6,7,2,1,0
"455",4,6,2,1,0
"456",6,7,2,1,0
"457",5,5,2,1,0
"458",4,5,2,1,0
"459",6,4,2,1,0
"460",4,6,2,1,0
"461",4,6,2,1,0
"462",6,6,2,1,0
"463",6,6,2,1,0
"464",2,7,2,1,0
"465",6,5,2,1,0
"466",2,7,2,1,0
"467",4,5,2,1,0
"468",6,6,2,1,0
"469",6,6,2,1,0
"470",3,6,2,1,0
"471",4,6,2,1,0
"472",4,6,2,1,0
"473",6,6,2,1,0
"474",6,6,2,1,0
"475",6,7,2,1,0
"476",6,5,2,1,0
"477",4,5,2,1,0
"478",6,6,2,1,0
"479",2,5,2,1,0
"480",5,5,2,1,0
"481",4,5,2,1,0
"482",6,6,2,1,0
"483",3,6,2,1,0
"484",4,6,2,1,0
"485",6,5,2,1,0
"486",6,6,2,1,0
"487",6,6,2,1,0
"488",6,6,2,1,0
"489",4,6,2,1,0
"490",6,5,2,1,0
"491",5,6,2,1,0
"492",6,4,2,1,0
"493",2,7,2,1,0
"494",6,7,2,1,0
"495",6,4,2,1,0
"496",3,7,2,1,0
"497",6,4,2,1,0
"498",3,5,2,1,0
"499",4,5,2,1,0
"500",4,6,2,1,0
"501",6,5,2,1,0
"502",4,5,2,1,0
"503",5,2,2,1,0
"504",6,5,2,1,0
"505",6,6,2,1,0
"506",6,6,2,1,0
"507",5,6,2,1,0
"508",6,6,2,1,0
"509",6,5,2,1,0
"510",3,6,2,1,0
"511",6,5,2,1,0
"512",6,5,2,1,0
"513",6,7,2,1,0
"514",6,6,2,1,0
"515",5,5,2,1,0
"516",6,6,2,1,0
"517",2,7,2,1,0
"518",4,5,2,1,0
"519",6,4,2,1,0
"520",6,6,2,1,0
"521",6,6,2,1,0
"522",4,6,2,1,0
"523",4,5,2,1,0
"524",5,5,2,1,0
"525",4,5,2,1,0
"526",4,6,2,1,0
"527",5,6,2,1,0
"528",6,6,2,1,0
"529",6,5,2,1,0
"530",2,7,2,1,0
"531",6,6,2,1,0
"532",6,7,2,1,0
"533",6,5,2,1,0
"534",3,6,2,1,0
"535",6,6,2,1,0
"536",5,4,2,1,0
"537",6,5,2,1,0
"538",3,5,2,1,0
"539",4,5,2,1,0
"540",6,5,2,1,0
"541",6,5,2,1,0
"542",6,5,2,1,0
"543",6,7,2,1,0
"544",2,7,2,1,0
"545",6,5,2,1,0
"546",6,4,2,1,0
"547",4,6,2,1,0
"548",6,4,2,1,0
"549",5,6,2,1,0
"550",6,5,2,1,0
"551",6,5,2,1,0
"552",6,6,2,1,0
"553",6,7,2,1,0
"554",6,4,2,1,0
"555",6,4,2,1,0
"556",5,5,2,1,0
"557",4,6,2,1,0
"558",6,5,2,1,0
"559",6,4,2,1,0
"560",5,5,2,1,0
"561",6,7,2,1,0
"562",3,5,2,1,0
"563",2,7,2,1,0
"564",6,7,2,1,0
"565",5,5,2,1,0
"566",4,6,2,1,0
"567",6,6,2,1,0
"568",6,6,2,1,0
"569",6,5,2,1,0
"570",5,2,2,1,0
"571",6,5,2,1,0
"572",5,3,2,1,0
"573",6,7,2,1,0
"574",6,6,2,1,0
"575",4,6,2,1,0
"576",6,6,2,1,0
"577",4,7,2,1,0
"578",6,4,2,1,0
"579",5,5,2,1,0
"580",4,6,2,1,0
"581",6,6,2,1,0
"582",2,7,2,1,0
"583",6,5,2,1,0
"584",5,2,2,1,0
"585",4,6,2,1,0
"586",6,3,2,1,0
"587",4,6,2,1,0
"588",4,6,2,1,0
"589",3,6,2,1,0
"590",4,6,2,1,0
"591",6,4,2,1,0
"592",4,3,2,1,0
"593",4,5,2,1,0
"594",2,5,2,1,0
"595",6,5,2,1,0
"596",6,6,2,1,0
"597",4,5,2,1,0
"598",6,7,1,1,0
"599",4,6,2,1,0
"600",6,4,2,1,0
"601",4,6,2,1,0
"602",6,5,2,1,0
"603",6,7,2,1,0
"604",6,5,2,1,0
"605",2,7,2,1,0
"606",4,6,2,1,0
"607",2,7,2,1,0
"608",6,7,1,1,0
"609",6,5,2,1,0
"610",6,6,2,1,0
"611",3,6,2,1,0
"612",6,6,2,1,0
"613",2,5,2,1,0
"614",6,5,2,1,0
"615",6,6,2,1,0
"616",3,6,2,1,0
"617",6,6,2,1,0
"618",3,6,2,1,0
"619",5,5,2,1,0
"620",4,6,2,1,0
"621",6,4,2,1,0
"622",6,5,2,1,0
"623",6,5,2,1,0
"624",6,6,2,1,0
"625",6,6,2,1,0
"626",6,4,2,1,0
"627",5,6,2,1,0
"628",5,5,2,1,0
"629",6,5,2,1,0
"630",6,3,2,1,0
"631",6,5,2,1,0
"632",5,5,2,1,0
"633",6,4,2,1,0
"634",6,4,2,1,0
"635",6,6,2,1,0
"636",5,4,2,1,0
"637",5,2,2,1,0
"638",6,6,2,1,0
"639",6,6,2,1,0
"640",6,4,2,1,0
"641",6,5,2,1,0
"642",4,6,2,1,0
"643",6,5,2,1,0
"644",4,6,2,1,0
"645",6,4,2,1,0
"646",6,6,2,1,0
"647",4,7,2,1,0
"648",6,5,2,1,0
"649",4,6,2,1,0
"650",3,5,2,1,0
"651",3,6,2,1,0
"652",6,4,2,1,0
"653",6,4,2,1,0
"654",6,4,2,1,0
"655",6,5,2,1,0
"656",6,7,2,1,0
"657",2,7,2,1,0
"658",3,6,2,1,0
"659",4,2,2,1,0
"660",5,5,2,1,0
"661",6,4,2,1,0
"662",3,6,2,1,0
"663",6,6,2,1,0
"664",6,4,2,1,0
"665",6,5,2,1,0
"666",5,6,2,1,0
"667",4,5,2,1,0
"668",3,5,2,1,0
"669",4,5,2,1,0
"670",6,5,2,1,0
"671",6,4,2,1,0
"672",4,4,2,1,0
"673",5,4,2,1,0
"674",2,7,2,1,0
"675",4,6,2,1,0
"676",3,6,2,1,0
"677",3,6,2,1,0
"678",3,6,2,1,0
"679",6,5,2,1,0
"680",4,6,2,1,0
"681",6,5,2,1,0
"682",5,4,2,1,0
"683",6,4,2,1,0
"684",6,4,2,1,0
"685",2,7,2,1,0
"686",6,6,2,1,0
"687",4,6,2,1,0
"688",2,6,2,1,0
"689",6,6,2,1,0
"690",6,4,2,1,0
"691",6,6,2,1,0
"692",4,5,2,1,0
"693",6,7,2,1,0
"694",4,6,2,1,0
"695",4,5,2,1,0
"696",4,7,2,1,0
"697",4,6,2,1,0
"698",6,6,2,1,0
"699",6,4,2,1,0
"700",6,7,2,1,0
"701",6,6,2,1,0
"702",6,7,2,1,0
"703",6,4,2,1,0
"704",4,5,2,1,0
"705",6,6,2,1,0
"706",6,4,2,1,0
"707",6,5,2,1,0
"708",6,4,2,1,0
"709",6,5,2,1,0
"710",6,5,2,1,0
"711",6,5,2,1,0
"712",4,4,2,1,0
"713",6,6,2,1,0
"714",6,7,2,1,0
"715",6,5,2,1,0
"716",6,6,2,1,0
"717",4,4,2,1,0
"718",6,6,2,1,0
"719",6,6,2,1,0
"720",4,5,2,1,0
"721",6,5,2,1,0
"722",2,5,2,1,0
"723",6,6,2,1,0
"724",4,6,2,1,0
"725",6,6,2,1,0
"726",6,4,2,1,0
"727",3,6,2,1,0
"728",2,7,2,1,0
"729",4,5,2,1,0
"730",2,5,2,1,0
"731",6,7,2,1,0
"732",4,6,2,1,0
"733",2,7,2,1,0
"734",6,4,2,1,0
"735",6,5,2,1,0
"736",6,6,2,1,0
"737",2,6,2,1,0
"738",6,6,2,1,0
"739",4,6,2,1,0
"740",5,2,2,1,0
"741",2,7,2,1,0
"742",6,4,2,1,0
"743",4,7,2,1,0
"744",6,5,2,1,0
"745",6,6,2,1,0
"746",4,5,2,1,0
"747",6,6,2,1,0
"748",3,6,2,1,0
"749",4,5,2,1,0
"750",4,5,2,1,0
"751",6,4,2,1,0
"752",5,6,2,1,0
"753",4,6,2,1,0
"754",6,3,2,1,0
"755",6,5,2,1,0
"756",6,5,2,1,0
"757",6,7,2,1,0
"758",6,5,2,1,0
"759",6,5,2,1,0
"760",3,6,2,1,0
"761",6,5,2,1,0
"762",5,5,2,1,0
"763",2,5,2,1,1
"764",4,5,2,1,1
"765",2,1,2,1,1
"766",1,1,3,1,1
"767",1,1,3,1,1
"768",2,5,2,1,1
"769",2,5,2,1,1
"770",2,5,2,1,1
"771",4,5,2,1,1
"772",2,2,2,1,1
"773",2,1,3,1,1
"774",2,2,2,1,1
"775",2,5,2,1,1
"776",3,5,2,1,1
"777",1,6,2,1,1
"778",2,5,2,1,1
"779",2,5,2,1,1
"780",2,1,3,1,1
"781",1,1,3,1,1
"782",2,2,2,1,1
"783",3,5,2,1,1
"784",4,5,1,1,1
"785",1,5,2,1,1
"786",2,5,2,1,1
"787",2,1,2,1,1
"788",2,1,3,1,1
"789",2,4,2,1,1
"790",4,5,2,1,1
"791",4,5,1,1,1
"792",1,6,2,1,1
"793",2,5,2,1,1
"794",2,3,2,1,1
"795",2,2,2,1,1
"796",4,5,2,1,1
"797",4,5,1,1,1
"798",4,5,1,1,1
"799",1,6,2,1,1
"800",1,5,2,1,1
"801",2,5,2,1,1
"802",2,5,2,1,1
"803",4,5,2,1,1
"804",4,5,2,1,1
"805",3,5,2,1,1
"806",1,5,2,1,1
"807",1,6,2,1,1
"808",1,5,2,1,1
"809",1,5,2,1,1
"810",2,5,2,1,1
"811",2,5,2,1,1
"812",2,5,2,1,1
"813",2,5,2,1,1
"814",2,5,2,1,1
"815",2,5,2,1,1
"816",1,2,3,1,1
"817",1,2,3,1,1
"818",2,5,2,1,1
"819",3,5,2,1,1
"820",2,3,2,1,1
"821",1,1,3,1,1
"822",1,1,3,1,1
"823",1,5,2,1,1
"824",2,5,2,1,1
"825",2,5,2,1,1
"826",2,1,2,1,1
"827",1,1,3,1,1
"828",1,1,3,1,1
"829",2,5,2,1,1
"830",2,5,2,1,1
"831",2,5,2,1,1
"832",3,5,2,1,1
"833",2,2,2,1,1
"834",1,1,3,1,1
"835",2,2,2,1,1
"836",2,5,2,1,1
"837",2,5,2,1,1
"838",1,6,2,1,1
"839",2,5,2,1,1
"840",2,5,2,1,1
"841",2,1,3,1,1
"842",1,1,3,1,1
"843",2,2,2,1,1
"844",2,5,2,1,1
"845",3,5,2,1,1
"846",1,5,2,1,1
"847",2,5,2,1,1
"848",2,1,2,1,1
"849",1,1,2,1,1
"850",2,4,2,1,1
"851",4,5,2,1,1
"852",4,5,1,1,1
"853",1,6,2,1,1
"854",1,5,2,1,1
"855",2,2,2,1,1
"856",2,2,2,1,1
"857",3,5,2,1,1
"858",4,5,1,1,1
"859",3,5,1,1,1
"860",1,6,2,1,1
"861",1,5,2,1,1
"862",2,5,2,1,1
"863",2,5,2,1,1
"864",3,5,2,1,1
"865",4,5,2,1,1
"866",2,5,2,1,1
"867",1,5,2,1,1
"868",1,6,2,1,1
"869",1,5,2,1,1
"870",1,5,2,1,1
"871",2,5,2,1,1
"872",2,5,2,1,1
"873",2,5,2,1,1
"874",2,5,2,1,1
"875",1,5,2,1,1
"876",2,5,2,1,1
"877",1,2,3,1,1
"878",1,3,3,1,1
"879",1,5,2,1,1
"880",2,5,2,1,1
"881",2,4,2,1,1
"882",1,1,3,1,1
"883",1,1,3,1,1
"884",1,5,2,1,1
"885",2,5,2,1,1
"886",3,5,2,1,1
"887",2,1,3,1,1
"888",1,1,3,1,1
"889",2,2,3,1,1
"890",2,5,2,1,1
"891",2,5,2,1,1
"892",2,5,2,1,1
"893",3,5,2,1,1
"894",2,1,2,1,1
"895",2,1,3,1,1
"896",2,3,2,1,1
"897",3,5,2,1,1
"898",3,5,2,1,1
"899",1,6,2,1,1
"900",2,5,2,1,1
"901",2,4,2,1,1
"902",2,1,3,1,1
"903",1,1,3,1,1
"904",2,2,2,1,1
"905",4,5,2,1,1
"906",4,5,2,1,1
"907",1,5,2,1,1
"908",2,5,2,1,1
"909",2,1,2,1,1
"910",2,1,2,1,1
"911",4,4,2,1,1
"912",5,5,2,1,1
"913",4,5,1,1,1
"914",1,6,2,1,1
"915",2,5,2,1,1
"916",2,2,2,1,1
"917",2,3,2,1,1
"918",4,5,2,1,1
"919",5,5,1,1,1
"920",4,5,1,1,1
"921",1,6,2,1,1
"922",1,5,2,1,1
"923",2,5,2,1,1
"924",4,5,2,1,1
"925",4,5,2,1,1
"926",4,5,2,1,1
"927",3,5,2,1,1
"928",1,5,2,1,1
"929",1,6,2,1,1
"930",1,5,2,1,1
"931",2,5,2,1,1
"932",2,5,2,1,1
"933",3,5,2,1,1
"934",3,5,2,1,1
"935",2,5,2,1,1
"936",2,5,2,1,1
"937",2,4,2,1,1
"938",1,1,3,1,1
"939",1,3,3,1,1
"940",2,5,2,1,1
"941",3,5,2,1,1
"942",2,2,3,1,1
"943",1,1,3,1,1
"944",1,1,3,1,1
"945",2,5,2,1,1
"946",2,5,2,1,1
"947",3,5,2,1,1
"948",2,2,2,1,1
"949",1,1,3,1,1
"950",1,1,3,1,1
"951",2,5,2,1,1
"952",2,5,2,1,1
"953",2,5,2,1,1
"954",3,5,2,1,1
"955",2,2,2,1,1
"956",2,1,3,1,1
"957",2,2,2,1,1
"958",2,5,2,1,1
"959",3,5,2,1,1
"960",1,6,2,1,1
"961",2,5,2,1,1
"962",2,5,2,1,1
"963",2,1,2,1,1
"964",1,1,3,1,1
"965",2,1,2,1,1
"966",3,5,2,1,1
"967",4,5,2,1,1
"968",1,5,2,1,1
"969",2,5,2,1,1
"970",2,2,2,1,1
"971",2,1,2,1,1
"972",3,4,2,1,1
"973",4,5,2,1,1
"974",4,5,1,1,1
"975",1,6,2,1,1
"976",1,5,2,1,1
"977",2,3,2,1,1
"978",2,2,2,1,1
"979",4,5,2,1,1
"980",4,5,1,1,1
"981",4,5,1,1,1
"982",1,6,2,1,1
"983",1,5,2,1,1
"984",2,5,2,1,1
"985",2,5,2,1,1
"986",4,5,2,1,1
"987",4,5,2,1,1
"988",2,5,2,1,1
"989",1,5,2,1,1
"990",1,6,2,1,1
"991",1,5,2,1,1
"992",1,5,2,1,1
"993",2,5,2,1,1
"994",2,5,2,1,1
"995",2,5,2,1,1
"996",2,5,2,1,1
"997",2,5,2,1,1
"998",2,5,2,1,1
"999",1,2,3,1,1
"1000",1,2,3,1,1
"1001",1,5,2,1,1
"1002",3,5,2,1,1
"1003",2,4,2,1,1
"1004",1,1,3,1,1
"1005",1,1,3,1,1
"1006",1,5,2,1,1
"1007",2,5,2,1,1
"1008",3,5,2,1,1
"1009",2,1,3,1,1
"1010",1,1,3,1,1
"1011",1,2,2,1,1
"1012",2,5,2,1,1
"1013",2,5,2,1,1
"1014",2,5,2,1,1
"1015",3,5,2,1,1
"1016",2,1,2,1,1
"1017",2,1,3,1,1
"1018",2,3,2,1,1
"1019",2,5,2,1,1
"1020",2,5,2,1,1
"1021",1,6,2,1,1
"1022",2,5,2,1,1
"1023",2,4,2,1,1
"1024",2,1,3,1,1
"1025",1,1,3,1,1
"1026",2,2,2,1,1
"1027",3,5,2,1,1
"1028",3,5,1,1,1
"1029",2,5,2,1,1
"1030",2,5,2,1,1
"1031",2,1,2,1,1
"1032",2,1,2,1,1
"1033",3,4,2,1,1
"1034",4,5,2,1,1
"1035",4,5,1,1,1
"1036",1,6,2,1,1
"1037",2,5,2,1,1
"1038",2,2,2,1,1
"1039",2,3,2,1,1
"1040",4,5,2,1,1
"1041",4,5,1,1,1
"1042",3,5,1,1,1
"1043",1,6,2,1,1
"1044",2,5,2,1,1
"1045",2,5,2,1,1
"1046",3,5,2,1,1
"1047",4,5,2,1,1
"1048",4,5,2,1,1
"1049",2,5,2,1,1
"1050",1,5,2,1,1
"1051",1,6,2,1,1
"1052",1,5,2,1,1
"1053",2,5,2,1,1
"1054",2,5,2,1,1
"1055",3,5,2,1,1
"1056",2,5,2,1,1
"1057",2,5,2,1,1
"1058",2,5,2,1,1
"1059",2,5,2,1,1
"1060",1,1,3,1,1
"1061",1,3,3,1,1
"1062",2,5,2,1,1
"1063",3,5,2,1,1
"1064",2,2,3,1,1
"1065",1,1,3,1,1
"1066",1,2,3,1,1
"1067",2,5,2,1,1
"1068",2,5,2,1,1
"1069",3,5,2,1,1
"1070",2,1,3,1,1
"1071",1,1,3,1,1
"1072",2,1,2,1,1
"1073",2,5,2,1,1
"1074",2,5,2,1,1
"1075",2,5,2,1,1
"1076",4,5,2,1,1
"1077",2,1,2,1,1
"1078",2,1,3,1,1
"1079",3,3,2,1,1
"1080",3,5,2,1,1
"1081",3,5,2,1,1
"1082",1,6,2,1,1
"1083",2,5,2,1,1
"1084",2,4,2,1,1
"1085",2,1,3,1,1
"1086",2,1,3,1,1
"1087",2,2,2,1,1
"1088",4,5,2,1,1
"1089",4,5,1,1,1
"1090",1,5,2,1,1
"1091",2,5,2,1,1
"1092",2,1,2,1,1
"1093",2,1,2,1,1
"1094",4,4,2,1,1
"1095",5,5,2,1,1
"1096",4,5,1,1,1
"1097",1,6,2,1,1
"1098",2,5,2,1,1
"1099",2,2,2,1,1
"1100",2,2,2,1,1
"1101",4,5,2,1,1
"1102",5,5,1,1,1
"1103",4,5,1,1,1
"1104",1,6,2,1,1
"1105",1,5,2,1,1
"1106",2,5,2,1,1
"1107",3,5,2,1,1
"1108",4,5,2,1,1
"1109",4,5,2,1,1
"1110",2,5,2,1,1
"1111",1,5,2,1,1
"1112",1,6,2,1,1
"1113",1,5,2,1,1
"1114",2,5,2,1,1
"1115",2,5,2,1,1
"1116",3,5,2,1,1
"1117",2,5,2,1,1
"1118",2,5,2,1,1
"1119",2,5,2,1,1
"1120",2,5,2,1,1
"1121",1,1,3,1,1
"1122",1,2,3,1,1
"1123",2,5,2,1,1
"1124",3,5,2,1,1
"1125",2,2,2,1,1
"1126",1,1,3,1,1
"1127",1,1,3,1,1
"1128",2,5,2,1,1
"1129",2,5,2,1,1
"1130",2,5,2,1,1
"1131",2,1,2,1,1
"1132",1,1,3,1,1
"1133",1,1,3,1,1
"1134",2,5,2,1,1
"1135",2,5,2,1,1
"1136",2,5,2,1,1
"1137",2,5,2,1,1
"1138",2,2,2,1,1
"1139",2,1,3,1,1
"1140",2,2,2,1,1
"1141",2,5,2,1,1
"1142",2,5,2,1,1
"1143",1,6,2,1,1
"1144",2,5,2,1,1
"1145",2,5,2,1,1
"1146",2,1,3,1,1
"1147",1,1,3,1,1
"1148",2,1,2,1,1
"1149",3,5,2,1,1
"1150",4,5,1,1,1
"1151",1,5,2,1,1
"1152",2,5,2,1,1
"1153",2,1,2,1,1
"1154",2,1,3,1,1
"1155",3,4,2,1,1
"1156",4,5,2,1,1
"1157",4,5,1,1,1
"1158",1,6,2,1,1
"1159",1,5,2,1,1
"1160",2,2,2,1,1
"1161",2,2,2,1,1
"1162",4,5,2,1,1
"1163",4,5,1,1,1
"1164",4,5,1,1,1
"1165",1,6,2,1,1
"1166",1,5,2,1,1
"1167",2,5,2,1,1
"1168",2,5,2,1,1
"1169",4,5,2,1,1
"1170",4,5,2,1,1
"1171",3,5,2,1,1
"1172",1,5,2,1,1
"1173",1,6,2,1,1
"1174",1,5,2,1,1
"1175",1,5,2,1,1
"1176",2,5,2,1,1
"1177",2,5,2,1,1
"1178",2,5,2,1,1
"1179",2,5,2,1,1
"1180",1,5,2,1,1
"1181",2,5,2,1,1
"1182",1,2,3,1,1
"1183",1,2,3,1,1
"1184",1,5,2,1,1
"1185",2,5,2,1,1
"1186",2,4,2,1,1
"1187",1,1,3,1,1
"1188",1,1,3,1,1
"1189",1,5,2,1,1
"1190",2,5,2,1,1
"1191",2,5,2,1,1
"1192",2,2,2,1,1
"1193",1,1,3,1,1
"1194",1,1,3,1,1
"1195",2,5,2,1,1
"1196",2,5,2,1,1
"1197",2,5,2,1,1
"1198",2,5,2,1,1
"1199",2,2,2,1,1
"1200",1,1,3,1,1
"1201",2,2,2,1,1
"1202",2,5,2,1,1
"1203",2,5,2,1,1
"1204",1,6,2,1,1
"1205",2,5,2,1,1
"1206",2,5,2,1,1
"1207",2,1,3,1,1
"1208",1,1,3,1,1
"1209",2,1,2,1,1
"1210",2,5,2,1,1
"1211",3,5,1,1,1
"1212",1,5,2,1,1
"1213",2,5,2,1,1
"1214",2,2,2,1,1
"1215",1,1,2,1,1
"1216",2,4,2,1,1
"1217",4,5,2,1,1
"1218",4,5,1,1,1
"1219",1,6,2,1,1
"1220",1,5,2,1,1
"1221",2,2,2,1,1
"1222",2,2,2,1,1
"1223",3,5,2,1,1
"1224",4,5,1,1,1
"1225",3,5,1,1,1
"1226",1,6,2,1,1
"1227",1,5,2,1,1
"1228",2,5,2,1,1
"1229",2,5,2,1,1
"1230",3,5,2,1,1
"1231",4,5,2,1,1
"1232",2,5,2,1,1
"1233",1,5,2,1,1
"1234",1,6,2,1,1
"1235",1,5,2,1,1
"1236",1,5,2,1,1
"1237",2,5,2,1,1
"1238",2,5,2,1,1
"1239",2,5,2,1,1
"1240",2,5,2,1,1
"1241",1,5,2,1,1
"1242",2,5,2,1,1
"1243",1,2,3,1,1
"1244",1,3,3,1,1
"1245",1,5,2,1,1
"1246",2,5,2,1,1
"1247",2,4,2,1,1
"1248",1,1,3,1,1
"1249",1,1,3,1,1
"1250",1,5,2,1,1
"1251",2,5,2,1,1
"1252",2,5,2,1,1
"1253",2,2,2,1,1
"1254",1,1,3,1,1
"1255",1,1,3,1,1
"1256",2,5,2,1,1
"1257",2,5,2,1,1
"1258",2,5,2,1,1
"1259",2,5,2,1,1
"1260",2,2,2,1,1
"1261",1,1,3,1,1
"1262",2,2,2,1,1
"1263",2,5,2,1,1
"1264",2,5,2,1,1
"1265",1,6,2,1,1
"1266",2,5,2,1,1
"1267",2,5,2,1,1
"1268",2,1,3,1,1
"1269",1,1,3,1,1
"1270",2,2,2,1,1
"1271",2,5,2,1,1
"1272",3,5,1,1,1
"1273",1,5,2,1,1
"1274",2,5,2,1,1
"1275",2,1,2,1,1
"1276",1,1,3,1,1
"1277",2,4,2,1,1
"1278",4,5,2,1,1
"1279",4,5,1,1,1
"1280",1,6,2,1,1
"1281",1,5,2,1,1
"1282",2,2,2,1,1
"1283",2,2,2,1,1
"1284",3,5,2,1,1
"1285",4,5,1,1,1
"1286",3,5,1,1,1
"1287",1,6,2,1,1
"1288",1,5,2,1,1
"1289",2,5,2,1,1
"1290",2,5,2,1,1
"1291",3,5,2,1,1
"1292",4,5,2,1,1
"1293",2,5,2,1,1
"1294",1,5,2,1,1
"1295",1,6,2,1,1
"1296",1,5,2,1,1
"1297",1,5,2,1,1
"1298",2,5,2,1,1
"1299",2,5,2,1,1
"1300",2,5,2,1,1
"1301",2,5,2,1,1
"1302",1,5,2,1,1
"1303",2,5,2,1,1
"1304",1,2,3,1,1
"1305",1,3,3,1,1
"1306",1,5,2,1,1
"1307",2,5,2,1,1
"1308",2,4,2,1,1
"1309",1,1,3,1,1
"1310",1,1,3,1,1
"1311",1,5,2,1,1
"1312",2,5,2,1,1
"1313",4,5,2,1,1
"1314",2,1,2,1,1
"1315",1,1,3,1,1
"1316",1,1,3,1,1
"1317",2,5,2,1,1
"1318",2,5,2,1,1
"1319",2,5,2,1,1
"1320",4,5,2,1,1
"1321",2,2,2,1,1
"1322",2,1,3,1,1
"1323",2,2,2,1,1
"1324",3,5,2,1,1
"1325",3,5,2,1,1
"1326",1,6,2,1,1
"1327",2,5,2,1,1
"1328",3,5,2,1,1
"1329",2,1,3,1,1
"1330",1,1,3,1,1
"1331",2,1,2,1,1
"1332",3,5,2,1,1
"1333",4,5,1,1,1
"1334",1,5,2,1,1
"1335",2,5,2,1,1
"1336",2,1,2,1,1
"1337",2,1,3,1,1
"1338",3,4,2,1,1
"1339",4,5,2,1,1
"1340",4,5,1,1,1
"1341",1,6,2,1,1
"1342",2,5,2,1,1
"1343",2,2,2,1,1
"1344",2,2,2,1,1
"1345",4,5,2,1,1
"1346",5,5,1,1,1
"1347",4,5,1,1,1
"1348",1,6,2,1,1
"1349",1,5,2,1,1
"1350",2,5,2,1,1
"1351",3,5,2,1,1
"1352",4,5,2,1,1
"1353",4,5,2,1,1
"1354",3,5,2,1,1
"1355",1,5,2,1,1
"1356",1,6,2,1,1
"1357",1,5,2,1,1
"1358",2,5,2,1,1
"1359",2,5,2,1,1
"1360",3,5,2,1,1
"1361",3,5,2,1,1
"1362",2,5,2,1,1
"1363",2,5,2,1,1
"1364",2,5,2,1,1
"1365",1,2,3,1,1
"1366",1,2,3,1,1
"1367",2,5,2,1,1
"1368",4,5,2,1,1
"1369",2,4,2,1,1
"1370",1,1,3,1,1
"1371",1,1,3,1,1
"1372",2,5,2,1,1
